{"accuracy": [0.7739183902740479, 0.906672477722168, 0.92657470703125, 0.9408899545669556, 0.9468148350715637, 0.953833281993866, 0.9578893184661865, 0.9614880084991455, 0.9651463627815247, 0.966995358467102, 0.9694210290908813, 0.9708127975463867, 0.972920298576355, 0.9756441712379456, 0.9757435917854309, 0.9781493544578552, 0.9781891107559204, 0.979103684425354, 0.979898989200592, 0.9813106656074524, 0.9814696907997131], "loss": [0.8314965963363647, 0.31131234765052795, 0.24440620839595795, 0.19793857634067535, 0.17514659464359283, 0.14773328602313995, 0.13438862562179565, 0.12724792957305908, 0.11184076219797134, 0.10395430028438568, 0.09704382717609406, 0.0916810855269432, 0.08404841274023056, 0.07727861404418945, 0.07483947277069092, 0.06924749910831451, 0.06513459235429764, 0.06537620723247528, 0.06258095800876617, 0.05872739106416702, 0.056162279099226], "precision": [0.8695819973945618, 0.925351619720459, 0.9402683973312378, 0.9512763619422913, 0.9554257392883301, 0.9613577127456665, 0.9647265076637268, 0.9674500823020935, 0.9702847003936768, 0.971551239490509, 0.9734567999839783, 0.9740751385688782, 0.9763620495796204, 0.9783065319061279, 0.9781587719917297, 0.980544924736023, 0.9807519316673279, 0.9813031554222107, 0.9819945693016052, 0.9829179048538208, 0.9829484224319458], "recall": [0.7163988947868347, 0.8934308886528015, 0.9167130589485168, 0.9335732460021973, 0.9396969676017761, 0.9477294683456421, 0.9527000188827515, 0.956736147403717, 0.960831880569458, 0.9628201127052307, 0.965424656867981, 0.9674128890037537, 0.9698783159255981, 0.9728407859802246, 0.9732384085655212, 0.976021945476532, 0.9755845665931702, 0.9767377376556396, 0.9780896902084351, 0.9793025255203247, 0.9799387454986572], "val_accuracy": [0.7350654006004333, 0.7942736148834229, 0.26360905170440674, 0.7310003638267517, 0.9536055326461792, 0.7591904997825623, 0.532608687877655, 0.8773418068885803, 0.9699540734291077, 0.8838812112808228, 0.9756981134414673, 0.966507613658905, 0.9696005582809448, 0.9757865071296692, 0.9746376872062683, 0.9804701209068298, 0.978084146976471, 0.9751679301261902, 0.9752562642097473, 0.9747260808944702, 0.9719865918159485], "val_loss": [0.9757969975471497, 0.9100589156150818, 7.063187599182129, 1.208770751953125, 0.16462989151477814, 1.0373305082321167, 3.04779052734375, 0.4189857542514801, 0.11575009673833847, 0.5292060375213623, 0.09129629284143448, 0.11801426112651825, 0.11521494388580322, 0.09017463773488998, 0.09243112057447433, 0.08008456230163574, 0.09080721437931061, 0.0927121639251709, 0.08798880875110626, 0.09926582127809525, 0.11049855500459671], "val_precision": [0.7722344994544983, 0.8233209252357483, 0.31887200474739075, 0.7713137269020081, 0.9615281224250793, 0.7908298373222351, 0.6057722568511963, 0.9000276327133179, 0.9737637639045715, 0.8940486907958984, 0.9787744283676147, 0.970551609992981, 0.9730953574180603, 0.9786818027496338, 0.9776099324226379, 0.9829590916633606, 0.98012775182724, 0.978154718875885, 0.9784325957298279, 0.9774643182754517, 0.9747115969657898], "val_recall": [0.7112937569618225, 0.7799575924873352, 0.2468186616897583, 0.7123541831970215, 0.9497172236442566, 0.7377164959907532, 0.511929988861084, 0.8639978766441345, 0.967568039894104, 0.8761929869651794, 0.9739307165145874, 0.9640332460403442, 0.968451738357544, 0.9736655950546265, 0.9723400473594666, 0.97870272397995, 0.9763166904449463, 0.9734004735946655, 0.9741958379745483, 0.9735772609710693, 0.9707493782043457]}