{"accuracy": [0.792766809463501, 0.9148440957069397, 0.9331756234169006, 0.9417250156402588, 0.9491013288497925, 0.9542110562324524, 0.9583664536476135, 0.961348831653595, 0.9663193821907043, 0.9687649011611938, 0.9697988033294678, 0.9709718227386475], "loss": [0.7754167318344116, 0.2823137938976288, 0.22002796828746796, 0.1898421049118042, 0.16492141783237457, 0.14679574966430664, 0.13714699447155, 0.1217970922589302, 0.10860436409711838, 0.09926295280456543, 0.09539022296667099, 0.09015338867902756], "precision": [0.8967918157577515, 0.9320242404937744, 0.9446477890014648, 0.9513746500015259, 0.9571365118026733, 0.9616756439208984, 0.9639382362365723, 0.9675480127334595, 0.9709033966064453, 0.9731215238571167, 0.9736194014549255, 0.9748838543891907], "recall": [0.724729597568512, 0.9012446403503418, 0.9236122369766235, 0.9336130023002625, 0.9421027302742004, 0.9489223957061768, 0.9534356594085693, 0.9567559957504272, 0.9619850516319275, 0.9645697474479675, 0.9663988947868347, 0.9677509069442749], "val_accuracy": [0.1864616423845291, 0.9101272821426392, 0.7330328822135925, 0.5258925557136536, 0.6036585569381714, 0.9366384148597717, 0.9528101682662964, 0.7911806106567383, 0.9498939514160156, 0.9366384148597717, 0.8687698841094971, 0.9489218592643738], "val_loss": [6.699915885925293, 0.31046435236930847, 1.312304139137268, 3.1043906211853027, 2.635468006134033, 0.24377985298633575, 0.17117390036582947, 0.964072048664093, 0.1690961867570877, 0.2622641921043396, 0.5274660587310791, 0.1984204351902008], "val_precision": [0.23412500321865082, 0.9260774850845337, 0.7646781802177429, 0.5655600428581238, 0.6463153958320618, 0.9457107186317444, 0.9564173221588135, 0.8302544951438904, 0.9539309740066528, 0.9430894255638123, 0.8974097371101379, 0.9566344618797302], "val_recall": [0.16551785171031952, 0.9000530242919922, 0.718186616897583, 0.5073347687721252, 0.587486743927002, 0.9313361644744873, 0.9502474665641785, 0.7784552574157715, 0.9478614330291748, 0.9328384399414062, 0.8541887402534485, 0.9454754590988159]}