{"accuracy": [0.13319151103496552, 0.5472204685211182, 0.7149872779846191, 0.7339748740196228, 0.75129234790802, 0.834519624710083, 0.7840186357498169, 0.8013559579849243, 0.827819287776947, 0.8361102342605591, 0.8437450528144836], "loss": [3.745030403137207, 1.562201976776123, 0.9697557091712952, 0.9094887971878052, 0.840751051902771, 0.5356467366218567, 0.7226293087005615, 0.6627791523933411, 0.5635774731636047, 0.5366930365562439, 0.5018269419670105], "precision": [0.48774608969688416, 0.7488589882850647, 0.8197680115699768, 0.8315394520759583, 0.8417696952819824, 0.8803375959396362, 0.8637760877609253, 0.8721170425415039, 0.8809481263160706, 0.8825166821479797, 0.8857850432395935], "recall": [0.024137107655405998, 0.39472323656082153, 0.6408064365386963, 0.6651026010513306, 0.6877286434173584, 0.8005408048629761, 0.7319667339324951, 0.7548313736915588, 0.7884324789047241, 0.8006799817085266, 0.8107603192329407], "val_accuracy": [0.4178154766559601, 0.6769176125526428, 0.8290031552314758, 0.5729939937591553, 0.9053552746772766, 0.9307175874710083, 0.8950158953666687, 0.8914811015129089, 0.9260339140892029, 0.8605514168739319, 0.9285966753959656], "val_loss": [1.9409271478652954, 1.3135874271392822, 0.8636603355407715, 1.4761296510696411, 0.308501660823822, 0.22980839014053345, 0.43586865067481995, 0.3633190393447876, 0.28993257880210876, 0.47901293635368347, 0.27053022384643555], "val_precision": [0.6220912337303162, 0.7821191549301147, 0.8828335404396057, 0.7563137412071228, 0.9340566992759705, 0.9499908685684204, 0.9173043370246887, 0.9333972334861755, 0.944982647895813, 0.8966891169548035, 0.9405493140220642], "val_recall": [0.17718274891376495, 0.6138211488723755, 0.783050537109375, 0.3996111750602722, 0.8824673295021057, 0.9165782928466797, 0.879285991191864, 0.8607281446456909, 0.9137504696846008, 0.8352774977684021, 0.9199363589286804]}