{"accuracy": [0.4155002534389496, 0.7696437239646912, 0.8457531332969666, 0.8825353980064392, 0.9027556777000427, 0.9174486994743347, 0.92653489112854, 0.9352234601974487, 0.9402338266372681, 0.9442500472068787, 0.9476300477981567, 0.9516065120697021, 0.9539526104927063, 0.9548274278640747, 0.9589430689811707, 0.960056483745575, 0.9616470336914062, 0.9620248079299927, 0.9643709063529968, 0.9645697474479675, 0.9655439853668213, 0.9683871269226074, 0.9681087732315063, 0.969838559627533, 0.9705145359039307, 0.971150815486908, 0.971906304359436, 0.9725027680397034, 0.9718466401100159, 0.973715603351593], "loss": [2.347926616668701, 0.7399575114250183, 0.49671444296836853, 0.37764671444892883, 0.3182350695133209, 0.2700830399990082, 0.24056008458137512, 0.2100171446800232, 0.19301040470600128, 0.1806062012910843, 0.17055369913578033, 0.1536111682653427, 0.1502174437046051, 0.14627231657505035, 0.1330854296684265, 0.12907181680202484, 0.12100117653608322, 0.12081048637628555, 0.1144377738237381, 0.11364476382732391, 0.10998374223709106, 0.10115931183099747, 0.10095944255590439, 0.09322328120470047, 0.09475712478160858, 0.08944307267665863, 0.08799269050359726, 0.0858708918094635, 0.08750824630260468, 0.08337302505970001], "precision": [0.7248249650001526, 0.8360031843185425, 0.8830604553222656, 0.9082340002059937, 0.9238846898078918, 0.9336742162704468, 0.9399673342704773, 0.9464122653007507, 0.9508063793182373, 0.9534173011779785, 0.9562526345252991, 0.9595186710357666, 0.9607605934143066, 0.962164580821991, 0.9649934768676758, 0.9660291075706482, 0.9672914743423462, 0.9672638177871704, 0.9693089127540588, 0.9695886969566345, 0.9702414274215698, 0.9726738929748535, 0.972023069858551, 0.9737690687179565, 0.9738479852676392, 0.9744117856025696, 0.9755223989486694, 0.9758903384208679, 0.9752846956253052, 0.9766660928726196], "recall": [0.29437729716300964, 0.7159615159034729, 0.8160092234611511, 0.86209636926651, 0.886889636516571, 0.9040281772613525, 0.9146254062652588, 0.9259583353996277, 0.9318832755088806, 0.936356782913208, 0.9400349855422974, 0.9448862671852112, 0.9473317861557007, 0.9495387077331543, 0.9536543488502502, 0.9549466967582703, 0.957233190536499, 0.9575711488723755, 0.9601160883903503, 0.9603546857833862, 0.9619850516319275, 0.9646095037460327, 0.9650270342826843, 0.9668959975242615, 0.9676713943481445, 0.9683672785758972, 0.9690830111503601, 0.9697590470314026, 0.9689438343048096, 0.9711706638336182], "val_accuracy": [0.6905266642570496, 0.881141722202301, 0.8628490567207336, 0.9267408847808838, 0.9100388884544373, 0.9589077234268188, 0.9501590728759766, 0.9615588784217834, 0.8713326454162598, 0.9611170291900635, 0.9582007527351379, 0.9529868960380554, 0.967391312122345, 0.9649169445037842, 0.9535171389579773, 0.967126190662384, 0.9682750105857849, 0.9583775401115417, 0.9635030031204224, 0.9715447425842285, 0.9641215801239014, 0.9733121395111084, 0.9709261059761047, 0.9697772860527039, 0.9748144149780273, 0.968186616897583, 0.9707493782043457, 0.9718981981277466, 0.9720749258995056, 0.9701308012008667], "val_loss": [1.0544302463531494, 0.37307924032211304, 0.4674067497253418, 0.2451549619436264, 0.29749584197998047, 0.14812161028385162, 0.16228459775447845, 0.13294073939323425, 0.43407300114631653, 0.13306361436843872, 0.14132347702980042, 0.17134954035282135, 0.11409063637256622, 0.131034255027771, 0.17541766166687012, 0.11831113696098328, 0.11531770974397659, 0.1505025178194046, 0.1329706907272339, 0.09826267510652542, 0.1265767365694046, 0.10303403437137604, 0.1119624599814415, 0.11183368414640427, 0.09577721357345581, 0.11160644143819809, 0.10875824838876724, 0.102711521089077, 0.10160353779792786, 0.10821022838354111], "val_precision": [0.7762054800987244, 0.904176652431488, 0.8871505260467529, 0.94050532579422, 0.9254680871963501, 0.9662488698959351, 0.9580118656158447, 0.9666458368301392, 0.8937718868255615, 0.9659324288368225, 0.9641135334968567, 0.9595995545387268, 0.9717720150947571, 0.9690033197402954, 0.959671676158905, 0.9714362025260925, 0.9733464121818542, 0.962126612663269, 0.9683600664138794, 0.9752625226974487, 0.9682935476303101, 0.9759978652000427, 0.974088191986084, 0.9727377891540527, 0.9781274795532227, 0.9721604585647583, 0.974662184715271, 0.9759025573730469, 0.9753108620643616, 0.9735229015350342], "val_recall": [0.630169689655304, 0.8647048473358154, 0.846854031085968, 0.9178155064582825, 0.8997879028320312, 0.9537822604179382, 0.9436196684837341, 0.9578472971916199, 0.8572817444801331, 0.957140326499939, 0.9544008374214172, 0.9487451314926147, 0.9643867015838623, 0.9613820910453796, 0.9505125284194946, 0.9647402167320251, 0.9649169445037842, 0.9563450217247009, 0.9601449370384216, 0.9685401320457458, 0.9607635140419006, 0.9702191352844238, 0.9700424075126648, 0.968009889125824, 0.9721633195877075, 0.9658889770507812, 0.9688052535057068, 0.9698656797409058, 0.9704842567443848, 0.9682750105857849]}