{"accuracy": [0.32861459255218506, 0.6849650144577026, 0.7914546132087708, 0.8299268484115601, 0.851538896560669, 0.8640249967575073, 0.8727334141731262, 0.8783998489379883, 0.8876848816871643, 0.8880428075790405, 0.8908064365386963, 0.8938484191894531, 0.8963536024093628, 0.89818274974823, 0.8990774750709534, 0.9000318050384521], "loss": [3.0564088821411133, 1.1207841634750366, 0.7162665724754333, 0.5711698532104492, 0.4919760525226593, 0.456108033657074, 0.41708704829216003, 0.40351366996765137, 0.3746166527271271, 0.37236467003822327, 0.3607109487056732, 0.35117635130882263, 0.34967830777168274, 0.33868762850761414, 0.3328595459461212, 0.3325686454772949], "precision": [0.6941791772842407, 0.8039121627807617, 0.8554428815841675, 0.8774688839912415, 0.8904094696044922, 0.8980924487113953, 0.9038960337638855, 0.9064086675643921, 0.9129528403282166, 0.9127210378646851, 0.9158378839492798, 0.9176726937294006, 0.9187076091766357, 0.9199115037918091, 0.9218462109565735, 0.9215241074562073], "recall": [0.19798791408538818, 0.5989542007446289, 0.7446516752243042, 0.7976180911064148, 0.8266065120697021, 0.8396492600440979, 0.8519762754440308, 0.8587959408760071, 0.8708048462867737, 0.8711826205253601, 0.8751590847969055, 0.8796126842498779, 0.8808056116104126, 0.8844838738441467, 0.8855376243591309, 0.8876650333404541], "val_accuracy": [0.7416931986808777, 0.8385471701622009, 0.8781371712684631, 0.8953694105148315, 0.8949275612831116, 0.9100388884544373, 0.9298338890075684, 0.923824667930603, 0.9321314692497253, 0.9137504696846008, 0.93389892578125, 0.923206090927124, 0.9306291937828064, 0.9329268336296082, 0.9300989508628845, 0.9323965907096863], "val_loss": [0.9799953103065491, 0.5717466473579407, 0.42065325379371643, 0.39120182394981384, 0.37745457887649536, 0.32904061675071716, 0.2682238519191742, 0.297647088766098, 0.2657867670059204, 0.32146698236465454, 0.26845186948776245, 0.2947351038455963, 0.27241915464401245, 0.25958481431007385, 0.290810763835907, 0.2854212820529938], "val_precision": [0.8114914298057556, 0.8716127872467041, 0.8992759585380554, 0.9092721939086914, 0.9140745997428894, 0.9226195812225342, 0.9390890598297119, 0.9329388737678528, 0.939166247844696, 0.9265526533126831, 0.9411817193031311, 0.9345752596855164, 0.9393830895423889, 0.9409709572792053, 0.9394564628601074, 0.9414555430412292], "val_recall": [0.6976847052574158, 0.8243195414543152, 0.8670908212661743, 0.8865323662757874, 0.8855602741241455, 0.9050901532173157, 0.9237362742424011, 0.9195829033851624, 0.9277129769325256, 0.9096853733062744, 0.9304524660110474, 0.9177271127700806, 0.9257688522338867, 0.9283315539360046, 0.9255920648574829, 0.9293920397758484]}