{"accuracy": [0.5839430689811707, 0.8085334897041321, 0.8628718256950378, 0.885577380657196, 0.8988587856292725, 0.9114044904708862, 0.9178264737129211, 0.924964189529419, 0.9307101964950562, 0.9340305328369141, 0.9385040402412415, 0.9415460228919983, 0.9445880651473999, 0.9470136761665344, 0.948942244052887, 0.9488030672073364, 0.9509702324867249, 0.9529783725738525, 0.9549268484115601, 0.9546683430671692, 0.957710325717926, 0.9571138620376587, 0.9604143500328064, 0.9607324600219727, 0.9623230695724487, 0.9612692594528198, 0.9638738632202148, 0.9646294116973877, 0.9649872779846191, 0.9656234979629517], "loss": [1.5459948778152466, 0.6123743653297424, 0.44719386100769043, 0.36845535039901733, 0.32609087228775024, 0.28324317932128906, 0.2655434310436249, 0.23909619450569153, 0.2177230566740036, 0.20844365656375885, 0.19519056379795074, 0.18598084151744843, 0.17664024233818054, 0.16660669445991516, 0.16148978471755981, 0.15952494740486145, 0.15065869688987732, 0.14690947532653809, 0.14019738137722015, 0.13706327974796295, 0.13285401463508606, 0.13084739446640015, 0.12030503898859024, 0.12390793859958649, 0.11873355507850647, 0.11917323619127274, 0.11053518950939178, 0.10967849940061569, 0.10920388251543045, 0.10620229691267014], "precision": [0.7994513511657715, 0.8631311655044556, 0.8961352109909058, 0.9113857746124268, 0.9206118583679199, 0.9287537336349487, 0.933535635471344, 0.9402716159820557, 0.9436849355697632, 0.9466992020606995, 0.9494689106941223, 0.9513880610466003, 0.953802227973938, 0.9554172158241272, 0.9568227529525757, 0.9564401507377625, 0.9578362107276917, 0.9598863124847412, 0.9616778492927551, 0.9610175490379333, 0.964147686958313, 0.9635522365570068, 0.9656945466995239, 0.9663445353507996, 0.9673721194267273, 0.9663259983062744, 0.9690936803817749, 0.969182014465332, 0.9694976210594177, 0.9698014855384827], "recall": [0.451924592256546, 0.7643351554870605, 0.8348973989486694, 0.8649793267250061, 0.8818991780281067, 0.8972880840301514, 0.9053602814674377, 0.9139494299888611, 0.920888364315033, 0.9252226948738098, 0.9294775128364563, 0.9334937334060669, 0.9359193444252014, 0.939935564994812, 0.9424407482147217, 0.942520260810852, 0.9448862671852112, 0.9467750787734985, 0.9494791030883789, 0.9494194388389587, 0.9522625803947449, 0.9524216651916504, 0.955940842628479, 0.9562191963195801, 0.9579091668128967, 0.9568156599998474, 0.9600763320922852, 0.9604143500328064, 0.9611897468566895, 0.9615874290466309], "val_accuracy": [0.006362672429531813, 0.006362672429531813, 0.5258925557136536, 0.8307706117630005, 0.7801343202590942, 0.7133262753486633, 0.8962531089782715, 0.9252386093139648, 0.9137504696846008, 0.9186992049217224, 0.9423824548721313, 0.9346058964729309, 0.9382290840148926, 0.9246200323104858, 0.9425591826438904, 0.9539589881896973, 0.9446800947189331, 0.8822905421257019, 0.9517497420310974, 0.9488335251808167, 0.9586426019668579, 0.9530752897262573, 0.9585542678833008, 0.8391658067703247, 0.9625309109687805, 0.9460940361022949, 0.9300989508628845, 0.9423824548721313, 0.8169847726821899, 0.9385825395584106], "val_loss": [5.095493793487549, 5.249277114868164, 1.81559419631958, 0.7407039999961853, 0.9878644943237305, 1.4000043869018555, 0.4131181836128235, 0.28970611095428467, 0.3527365028858185, 0.3076194226741791, 0.22342205047607422, 0.24438650906085968, 0.23442678153514862, 0.31861042976379395, 0.20583081245422363, 0.16400663554668427, 0.2138184905052185, 0.4896900951862335, 0.18799522519111633, 0.18740800023078918, 0.14759570360183716, 0.17903399467468262, 0.15811923146247864, 0.7884930372238159, 0.1341039538383484, 0.1824568808078766, 0.2603195309638977, 0.21270091831684113, 0.8790590167045593, 0.262224018573761], "val_precision": [0.0, 0.0, 0.6443898677825928, 0.8467910885810852, 0.798969566822052, 0.7348724603652954, 0.9059383869171143, 0.931592583656311, 0.9236716628074646, 0.9283855557441711, 0.949910581111908, 0.9430850744247437, 0.9447124004364014, 0.9310868978500366, 0.9493614435195923, 0.9591545462608337, 0.9502096772193909, 0.8932458162307739, 0.957872211933136, 0.9558218717575073, 0.9638017416000366, 0.9579322934150696, 0.9633885622024536, 0.8613205552101135, 0.9668061137199402, 0.9513870477676392, 0.935630738735199, 0.9509048461914062, 0.8473296761512756, 0.9459435343742371], "val_recall": [0.0, 0.0, 0.44052669405937195, 0.8220219016075134, 0.7674089670181274, 0.6975963115692139, 0.8911275863647461, 0.9206433296203613, 0.9079179763793945, 0.9141923189163208, 0.9384941458702087, 0.9298338890075684, 0.934694230556488, 0.9205549955368042, 0.9393778443336487, 0.9504241943359375, 0.9410569071769714, 0.8776953220367432, 0.9483916759490967, 0.9445033669471741, 0.9552845358848572, 0.9498055577278137, 0.9557263851165771, 0.8276776075363159, 0.9600565433502197, 0.9425591826438904, 0.9261223077774048, 0.9379639625549316, 0.803375780582428, 0.935577929019928]}