{"accuracy": [0.47276124358177185, 0.7991092801094055, 0.8619571924209595, 0.8894345760345459, 0.9068116545677185, 0.9196556210517883, 0.927548885345459, 0.9321417212486267, 0.9381064176559448, 0.9432161450386047, 0.9469142556190491, 0.9505726099014282, 0.9534356594085693, 0.9538730978965759, 0.9569746851921082, 0.9578097462654114, 0.9595991969108582, 0.96132892370224, 0.9624025821685791, 0.9642913937568665, 0.9645100831985474, 0.9659217596054077, 0.9674725532531738, 0.9666574001312256, 0.9676514863967896, 0.9695602059364319, 0.9672141075134277, 0.9712303280830383], "loss": [2.036813735961914, 0.6639975905418396, 0.4549846649169922, 0.3612431585788727, 0.3070346415042877, 0.2651268243789673, 0.24020618200302124, 0.22269782423973083, 0.2012537568807602, 0.18569143116474152, 0.17162823677062988, 0.15872320532798767, 0.15315288305282593, 0.14474116265773773, 0.1387324184179306, 0.1309482753276825, 0.12790147960186005, 0.12458561360836029, 0.1180366799235344, 0.11236793547868729, 0.11250811070203781, 0.10882806032896042, 0.101494699716568, 0.10271157324314117, 0.10032318532466888, 0.09351828694343567, 0.09967472404241562, 0.08998063206672668], "precision": [0.7242447137832642, 0.8513610363006592, 0.8931010961532593, 0.9137420058250427, 0.926557183265686, 0.9362788200378418, 0.941169261932373, 0.9452951550483704, 0.9486414790153503, 0.9525101780891418, 0.9555897116661072, 0.9584906697273254, 0.9610188007354736, 0.9611300230026245, 0.9641468524932861, 0.9643130302429199, 0.9654763340950012, 0.9667919874191284, 0.9681327939033508, 0.9694293141365051, 0.9694579839706421, 0.9705905914306641, 0.9719425439834595, 0.970665454864502, 0.9719506502151489, 0.9733303785324097, 0.9714841246604919, 0.9745432138442993], "recall": [0.35796087980270386, 0.754910945892334, 0.8370248079299927, 0.8706855177879333, 0.8917210102081299, 0.907964825630188, 0.9170113205909729, 0.9217830300331116, 0.9294973611831665, 0.9351439476013184, 0.9394782781600952, 0.9439120292663574, 0.9474908709526062, 0.9483457803726196, 0.9517058730125427, 0.9530777931213379, 0.9546882510185242, 0.9562390446662903, 0.9579886794090271, 0.9602354168891907, 0.960533618927002, 0.9619452953338623, 0.9635557532310486, 0.963158130645752, 0.9645299911499023, 0.9658024311065674, 0.9638738632202148, 0.9681684374809265], "val_accuracy": [0.006362672429531813, 0.006362672429531813, 0.20210321247577667, 0.7312654852867126, 0.5405620336532593, 0.8239660859107971, 0.7575114965438843, 0.7784552574157715, 0.9278897047042847, 0.9113644361495972, 0.738953709602356, 0.7895016074180603, 0.9293920397758484, 0.934075653553009, 0.739307165145874, 0.9547543525695801, 0.9544892311096191, 0.9536938667297363, 0.6891127824783325, 0.9632378816604614, 0.9648285508155823, 0.9664192199707031, 0.9726051688194275, 0.9649169445037842, 0.9724284410476685, 0.9683634042739868, 0.968009889125824, 0.9683634042739868], "val_loss": [5.927145004272461, 5.843216419219971, 3.9563801288604736, 1.5278147459030151, 3.6404759883880615, 0.8515737056732178, 1.8537874221801758, 1.2167398929595947, 0.3076377213001251, 0.39180830121040344, 1.3906199932098389, 0.9239104390144348, 0.3210073411464691, 0.26669740676879883, 1.2555911540985107, 0.17888054251670837, 0.19097119569778442, 0.17970766127109528, 1.605748176574707, 0.1413389891386032, 0.13945534825325012, 0.13405197858810425, 0.10833687335252762, 0.1261870563030243, 0.10877938568592072, 0.11995972692966461, 0.11713778227567673, 0.12576629221439362], "val_precision": [0.0, 0.0, 0.33020973205566406, 0.7510099411010742, 0.5621662139892578, 0.8336633443832397, 0.7671504616737366, 0.7890830039978027, 0.9333273768424988, 0.9178877472877502, 0.7631749510765076, 0.8125115036964417, 0.933368980884552, 0.9399589896202087, 0.7732574939727783, 0.9589857459068298, 0.9602460265159607, 0.9584371447563171, 0.7316067218780518, 0.9672830700874329, 0.9680057168006897, 0.9698179960250854, 0.9748026132583618, 0.969241738319397, 0.9745522141456604, 0.970890998840332, 0.9711974263191223, 0.9718272089958191], "val_recall": [0.0, 0.0, 0.13078826665878296, 0.7228702902793884, 0.5302227139472961, 0.8184871077537537, 0.7520325183868408, 0.7703251838684082, 0.925326943397522, 0.9078296422958374, 0.7281724810600281, 0.7781901955604553, 0.9259455800056458, 0.9310710430145264, 0.7205726504325867, 0.9525450468063354, 0.9520148634910583, 0.9516613483428955, 0.6740013957023621, 0.9614704847335815, 0.9625309109687805, 0.9654471278190613, 0.9709261059761047, 0.9635030031204224, 0.9712796211242676, 0.966772735118866, 0.9654471278190613, 0.966330885887146]}