{"accuracy": [0.5920550227165222, 0.8433672785758972, 0.887386679649353, 0.9094560146331787, 0.9205901026725769, 0.9310680627822876, 0.9380865097045898, 0.9435144066810608, 0.9462581276893616, 0.948723554611206, 0.9532169699668884, 0.953853189945221, 0.9571934342384338, 0.9599371552467346, 0.9623826742172241, 0.9618657827377319, 0.9651065468788147, 0.9652656316757202, 0.9676117300987244, 0.9687649011611938, 0.9679895043373108, 0.9692023396492004, 0.9702759385108948], "loss": [1.5095850229263306, 0.5068973302841187, 0.3627137243747711, 0.29491984844207764, 0.2564396560192108, 0.22463367879390717, 0.20358602702617645, 0.18247051537036896, 0.17355577647686005, 0.1622171700000763, 0.15202194452285767, 0.1449243724346161, 0.1378895789384842, 0.1270962506532669, 0.1209469884634018, 0.12101560831069946, 0.10856593400239944, 0.10830884426832199, 0.10462316125631332, 0.09961127489805222, 0.09865017235279083, 0.09589961916208267, 0.09252206236124039], "precision": [0.7975842952728271, 0.8838257789611816, 0.9122194647789001, 0.9278127551078796, 0.9358769655227661, 0.9443356394767761, 0.9491732120513916, 0.9528958797454834, 0.9551300406455994, 0.9571071267127991, 0.9610439538955688, 0.9618540406227112, 0.9640074968338013, 0.9659399390220642, 0.9677296280860901, 0.9672365188598633, 0.9698106646537781, 0.970189094543457, 0.9719823002815247, 0.9728083610534668, 0.9719401597976685, 0.9732096195220947, 0.973410964012146], "recall": [0.4831398129463196, 0.8106012344360352, 0.8680014610290527, 0.8944051265716553, 0.9085612893104553, 0.9204906821250916, 0.9289804100990295, 0.935541570186615, 0.939140260219574, 0.9427588582038879, 0.946655809879303, 0.9485247135162354, 0.9521433115005493, 0.9557420015335083, 0.9575513005256653, 0.9573326110839844, 0.9612494111061096, 0.9608915448188782, 0.9642714858055115, 0.9652457237243652, 0.9648481011390686, 0.9656632542610168, 0.9673532843589783], "val_accuracy": [0.006362672429531813, 0.008130080997943878, 0.7649345993995667, 0.9148108959197998, 0.9173736572265625, 0.8958112597465515, 0.9215270280838013, 0.9505125284194946, 0.9604100584983826, 0.9587309956550598, 0.9636797308921814, 0.9598798155784607, 0.9618239402770996, 0.8508306741714478, 0.9647402167320251, 0.9601449370384216, 0.9589077234268188, 0.9729586243629456, 0.9676564335823059, 0.9673029184341431, 0.9586426019668579, 0.9661540985107422, 0.9715447425842285], "val_loss": [5.173309803009033, 5.86053466796875, 0.8200400471687317, 0.33121490478515625, 0.3283361494541168, 0.4285375475883484, 0.31150978803634644, 0.20669128000736237, 0.15458326041698456, 0.1589502990245819, 0.14560915529727936, 0.15230946242809296, 0.13981224596500397, 0.5688018202781677, 0.13488632440567017, 0.15372952818870544, 0.14959178864955902, 0.1043078824877739, 0.12224029004573822, 0.11855790764093399, 0.15730628371238708, 0.13244546949863434, 0.10886634886264801], "val_precision": [0.0, 0.0, 0.8188905715942383, 0.9225125312805176, 0.9274476170539856, 0.9066546559333801, 0.9317384362220764, 0.954679012298584, 0.964581310749054, 0.9633190631866455, 0.968285083770752, 0.9643874764442444, 0.9667022824287415, 0.8685200214385986, 0.9685971140861511, 0.9643779397010803, 0.9637480974197388, 0.976382851600647, 0.9714692234992981, 0.9704967737197876, 0.9647793173789978, 0.9687528014183044, 0.9737635254859924], "val_recall": [0.0, 0.0, 0.7240191102027893, 0.9110993146896362, 0.9116295576095581, 0.8909508585929871, 0.9155178666114807, 0.9475079774856567, 0.9578472971916199, 0.9561682343482971, 0.9604983925819397, 0.9572287201881409, 0.9595263600349426, 0.8365146517753601, 0.9621774554252625, 0.9569635987281799, 0.9561682343482971, 0.9718098044395447, 0.9658889770507812, 0.9650936722755432, 0.9561682343482971, 0.9643867015838623, 0.9708377718925476]}