{"accuracy": [0.5264036655426025, 0.8097463250160217, 0.8687171936035156, 0.8979043960571289, 0.9144464731216431, 0.9254413843154907, 0.9336130023002625, 0.9388420581817627, 0.9436933398246765, 0.9497972130775452, 0.9506720304489136, 0.9532964825630188, 0.9576109647750854, 0.9587442278862, 0.960811972618103, 0.9619055390357971, 0.9634563326835632, 0.9656632542610168, 0.9673930406570435, 0.967532217502594, 0.9687848091125488, 0.9679895043373108, 0.969818651676178, 0.9716876149177551, 0.9720454812049866, 0.973198652267456, 0.9733179807662964, 0.9733179807662964, 0.9743518233299255, 0.9739740490913391, 0.9749085307121277, 0.9770359396934509, 0.9772944450378418], "loss": [1.771124005317688, 0.610514760017395, 0.42455682158470154, 0.33055436611175537, 0.2768442928791046, 0.2420366108417511, 0.21374142169952393, 0.19715616106987, 0.1806463599205017, 0.16227403283119202, 0.1552765965461731, 0.15102043747901917, 0.13657721877098083, 0.12910185754299164, 0.12513165175914764, 0.12057533115148544, 0.1127091646194458, 0.10921436548233032, 0.10327135026454926, 0.10076437145471573, 0.09782944619655609, 0.099186010658741, 0.09281137585639954, 0.08842235058546066, 0.08614742755889893, 0.0852917730808258, 0.0829257220029831, 0.07949630916118622, 0.07784107327461243, 0.07841253280639648, 0.07358543574810028, 0.07031819224357605, 0.07049376517534256], "precision": [0.7377774715423584, 0.8576497435569763, 0.8985752463340759, 0.9181346893310547, 0.9312645196914673, 0.9389827847480774, 0.9456331729888916, 0.9490150213241577, 0.9524821043014526, 0.9572264552116394, 0.9585788249969482, 0.960411012172699, 0.9639645218849182, 0.964901328086853, 0.966314971446991, 0.9669351577758789, 0.968520998954773, 0.970553994178772, 0.9719877243041992, 0.9719495177268982, 0.9728203415870667, 0.9721086621284485, 0.9740631580352783, 0.9751500487327576, 0.9755487442016602, 0.9763990640640259, 0.9759219288825989, 0.9759377837181091, 0.9770230054855347, 0.9765601754188538, 0.9775988459587097, 0.9794312715530396, 0.9792797565460205], "recall": [0.4176475405693054, 0.7689279317855835, 0.8451566696166992, 0.8807857632637024, 0.9021393060684204, 0.9136114120483398, 0.9243876338005066, 0.9300143122673035, 0.9361579418182373, 0.9428383708000183, 0.9446278214454651, 0.9477890729904175, 0.9525608420372009, 0.9537935256958008, 0.955920934677124, 0.9570343494415283, 0.9591816663742065, 0.9620248079299927, 0.9637744426727295, 0.9644902348518372, 0.9656831622123718, 0.9646095037460327, 0.9669556021690369, 0.9690234065055847, 0.9693613648414612, 0.970613956451416, 0.9702560901641846, 0.9709122180938721, 0.9722443222999573, 0.9716478586196899, 0.9726618528366089, 0.9751471281051636, 0.9753857254981995], "val_accuracy": [0.006362672429531813, 0.012195121496915817, 0.108784019947052, 0.2150936722755432, 0.35728171467781067, 0.6004772186279297, 0.6296394467353821, 0.6850477457046509, 0.6169140934944153, 0.7975432872772217, 0.8432308435440063, 0.8850300312042236, 0.892276406288147, 0.8301519751548767, 0.9050017595291138, 0.9191410541534424, 0.9203782081604004, 0.9367267489433289, 0.8856486678123474, 0.8659420013427734, 0.685401201248169, 0.7920643091201782, 0.9559915065765381, 0.8517143726348877, 0.3904206454753876, 0.7414280772209167, 0.9640332460403442, 0.9703075289726257, 0.9292152523994446, 0.8166313171386719, 0.42585718631744385, 0.9649169445037842, 0.9547543525695801], "val_loss": [363.3822326660156, 61.03422164916992, 15.596232414245605, 8.300032615661621, 6.338206768035889, 3.0247695446014404, 2.7392959594726562, 2.608151912689209, 3.46938419342041, 1.275229811668396, 0.9366480708122253, 0.6349741816520691, 0.5410057902336121, 1.2056472301483154, 0.5176746249198914, 0.4252087473869324, 0.43150514364242554, 0.3063737750053406, 0.5619661808013916, 0.707603394985199, 1.6568431854248047, 1.091589093208313, 0.20979897677898407, 0.6399423480033875, 5.691483020782471, 1.4162875413894653, 0.16548676788806915, 0.14175543189048767, 0.3365515172481537, 0.9227188229560852, 4.310123443603516, 0.15511126816272736, 0.21927179396152496], "val_precision": [0.006362672429531813, 0.012209148146212101, 0.11492566764354706, 0.23032385110855103, 0.37212178111076355, 0.6138650178909302, 0.6428310871124268, 0.6938316226005554, 0.6303672790527344, 0.8080735206604004, 0.8513174653053284, 0.8913489580154419, 0.899276077747345, 0.8368952870368958, 0.911522626876831, 0.9239682555198669, 0.9244930744171143, 0.9407947659492493, 0.8937410116195679, 0.875258207321167, 0.7182818055152893, 0.8115994930267334, 0.9595062732696533, 0.8695374727249146, 0.41233736276626587, 0.7623268961906433, 0.9666104316711426, 0.9721705317497253, 0.9359764456748962, 0.8356979489326477, 0.47554999589920044, 0.9687972068786621, 0.9580705165863037], "val_recall": [0.006362672429531813, 0.012195121496915817, 0.10383527725934982, 0.2074054479598999, 0.34561681747436523, 0.5931424498558044, 0.6228349208831787, 0.6808943152427673, 0.6097561120986938, 0.7925061583518982, 0.8394308686256409, 0.8822905421257019, 0.8891834616661072, 0.8270590305328369, 0.9004064798355103, 0.9160480499267578, 0.9186108112335205, 0.9352244734764099, 0.880788266658783, 0.8612583875656128, 0.6694061756134033, 0.781548261642456, 0.9548426866531372, 0.8422587513923645, 0.37804877758026123, 0.7295864224433899, 0.9619123339653015, 0.9693354368209839, 0.9262990355491638, 0.8068221807479858, 0.40305760502815247, 0.9630611538887024, 0.9530752897262573]}