{"accuracy": [0.5972045660018921, 0.859014630317688, 0.8983418345451355, 0.9138301014900208, 0.9246659874916077, 0.9344480633735657, 0.9402934908866882, 0.9493995308876038, 0.9517655372619629, 0.955920934677124, 0.9598377346992493, 0.9617663621902466, 0.9641721248626709, 0.9658024311065674, 0.968526303768158, 0.9703952670097351, 0.9722443222999573, 0.9719659686088562, 0.9734770059585571], "loss": [1.7008787393569946, 0.49198678135871887, 0.3445429503917694, 0.2870770990848541, 0.24835829436779022, 0.21790474653244019, 0.1949004828929901, 0.1670457422733307, 0.15663354098796844, 0.14262928068637848, 0.1337745487689972, 0.1243872418999672, 0.11518482118844986, 0.10897050052881241, 0.10235274583101273, 0.09431914240121841, 0.08916524797677994, 0.0866643562912941, 0.08435169607400894], "precision": [0.7712036371231079, 0.8924852609634399, 0.9212213158607483, 0.932205855846405, 0.9397304058074951, 0.9468098282814026, 0.9517105221748352, 0.9578251242637634, 0.959743857383728, 0.962767481803894, 0.9655983448028564, 0.9675401449203491, 0.9688478708267212, 0.9700804352760315, 0.972247838973999, 0.9738022685050964, 0.9753968715667725, 0.9749540090560913, 0.9762018918991089], "recall": [0.5297041535377502, 0.8333068490028381, 0.8800103664398193, 0.8986400365829468, 0.9120407104492188, 0.9240695238113403, 0.931425929069519, 0.9414665102958679, 0.9447073340415955, 0.9500954151153564, 0.9548472762107849, 0.9565173983573914, 0.9596787095069885, 0.9618061184883118, 0.9647089242935181, 0.9666772484779358, 0.9687450528144836, 0.9689835906028748, 0.9705344438552856], "val_accuracy": [0.7513255476951599, 0.9095086455345154, 0.934959352016449, 0.9036762118339539, 0.847649335861206, 0.9542241096496582, 0.9544008374214172, 0.9635030031204224, 0.9600565433502197, 0.9696889519691467, 0.967568039894104, 0.9715447425842285, 0.9624425768852234, 0.9730470180511475, 0.969070315361023, 0.966507613658905, 0.9687168598175049, 0.9728702902793884, 0.9665959477424622], "val_loss": [1.3114302158355713, 0.37210848927497864, 0.21675577759742737, 0.44174304604530334, 0.550195038318634, 0.15858390927314758, 0.16065427660942078, 0.13081441819667816, 0.13997282087802887, 0.1101510226726532, 0.11422062665224075, 0.09549453854560852, 0.12957186996936798, 0.10146429389715195, 0.11020146310329437, 0.12793473899364471, 0.10971180349588394, 0.09799924492835999, 0.1194615513086319], "val_precision": [0.7793634533882141, 0.9229307770729065, 0.9482399821281433, 0.9170297980308533, 0.8701514601707458, 0.9629895687103271, 0.9619482755661011, 0.9695426821708679, 0.965471088886261, 0.9737544655799866, 0.9725563526153564, 0.9764789938926697, 0.9691826701164246, 0.977979838848114, 0.9727685451507568, 0.9702582359313965, 0.9724892973899841, 0.9751641154289246, 0.9712607860565186], "val_recall": [0.7335631251335144, 0.901643693447113, 0.9260339140892029, 0.8927182555198669, 0.8326263427734375, 0.9473311901092529, 0.9494521021842957, 0.9592612385749817, 0.956256628036499, 0.9672145843505859, 0.9645634293556213, 0.9685401320457458, 0.9588193893432617, 0.9694238305091858, 0.9659773707389832, 0.9628844261169434, 0.9652704000473022, 0.9715447425842285, 0.9646518230438232]}