{"accuracy": [0.759782075881958, 0.9055392146110535, 0.9282845258712769, 0.939458429813385, 0.9459400177001953, 0.9527795314788818, 0.9559010863304138, 0.9598576426506042, 0.9626610279083252, 0.9645498394966125, 0.966518223285675, 0.9688842296600342, 0.9709320664405823, 0.971926212310791, 0.9728407859802246, 0.9752663969993591, 0.9773938059806824, 0.9838157892227173, 0.986619234085083, 0.9850286245346069, 0.9860823750495911, 0.9860028624534607, 0.9881501793861389, 0.9877127408981323, 0.9884483814239502, 0.9908143877983093, 0.991490364074707, 0.9924248456954956, 0.9923453330993652, 0.993796706199646, 0.993319571018219, 0.9945323467254639, 0.994592010974884, 0.9945323467254639, 0.9952878952026367], "loss": [0.8802090883255005, 0.3049073815345764, 0.22907152771949768, 0.19687488675117493, 0.17274531722068787, 0.154128760099411, 0.1411716789007187, 0.12865161895751953, 0.11719195544719696, 0.11003614217042923, 0.10423523932695389, 0.0966583713889122, 0.09104689210653305, 0.08664476871490479, 0.08393839001655579, 0.07711661607027054, 0.07161395996809006, 0.04883250221610069, 0.040895331650972366, 0.04587269946932793, 0.041447799652814865, 0.041398126631975174, 0.03612001612782478, 0.03624501824378967, 0.03355645388364792, 0.028180282562971115, 0.025638433173298836, 0.02273888699710369, 0.02375520020723343, 0.020421868190169334, 0.020596355199813843, 0.016748057678341866, 0.016846925020217896, 0.016218235716223717, 0.014755548909306526], "precision": [0.8809971809387207, 0.9269648790359497, 0.9418050050735474, 0.9499228596687317, 0.954675018787384, 0.960037887096405, 0.9620141386985779, 0.9662869572639465, 0.9681216478347778, 0.9697352647781372, 0.9716579914093018, 0.9732558131217957, 0.9746387004852295, 0.9753650426864624, 0.9763476848602295, 0.9775646924972534, 0.9800096154212952, 0.9854592680931091, 0.9878790378570557, 0.9865826964378357, 0.9871866703033447, 0.9873235821723938, 0.989025890827179, 0.9886659979820251, 0.9894223213195801, 0.9913794994354248, 0.9921372532844543, 0.9927576780319214, 0.9928159117698669, 0.9940518736839294, 0.9935944676399231, 0.9948868751525879, 0.9949074983596802, 0.994670033454895, 0.9955241084098816], "recall": [0.6794377565383911, 0.8882614970207214, 0.9183235168457031, 0.9304318428039551, 0.9389017224311829, 0.9466955661773682, 0.9511690735816956, 0.9545291662216187, 0.958247184753418, 0.9606927037239075, 0.9624622464179993, 0.9652059674263, 0.9680889248847961, 0.9682479500770569, 0.970097005367279, 0.9728805422782898, 0.974709689617157, 0.9823047518730164, 0.9852274656295776, 0.9838953614234924, 0.9849491119384766, 0.9848894476890564, 0.9873151183128357, 0.9868379235267639, 0.9875338077545166, 0.9900588393211365, 0.9909734129905701, 0.9920470714569092, 0.9919078946113586, 0.9934985041618347, 0.9930610656738281, 0.9942341446876526, 0.9943931698799133, 0.9943931698799133, 0.9949896335601807], "val_accuracy": [0.7953340411186218, 0.9171085357666016, 0.8864439725875854, 0.8619653582572937, 0.9367267489433289, 0.9495404958724976, 0.9430010318756104, 0.8987274765968323, 0.956875205039978, 0.9606751799583435, 0.9548426866531372, 0.9622657895088196, 0.9606751799583435, 0.9746376872062683, 0.9609402418136597, 0.9736655950546265, 0.9715447425842285, 0.9754329919815063, 0.9744609594345093, 0.979056179523468, 0.97826087474823, 0.9803817868232727, 0.9704842567443848, 0.9796748161315918, 0.976758599281311, 0.9802933931350708, 0.9807352423667908, 0.9819724559783936, 0.9805585145950317, 0.9819724559783936, 0.9807352423667908, 0.9806468486785889, 0.9825910329818726, 0.9820607900619507, 0.9798515439033508], "val_loss": [0.6921448111534119, 0.2809503674507141, 0.429262638092041, 0.5734522342681885, 0.21218042075634003, 0.18934838473796844, 0.19958993792533875, 0.36072295904159546, 0.14192727208137512, 0.1364179402589798, 0.15854649245738983, 0.12860170006752014, 0.13625045120716095, 0.09470874071121216, 0.1383085399866104, 0.09971019625663757, 0.10879991203546524, 0.08099238574504852, 0.08922775834798813, 0.07962777465581894, 0.08207816630601883, 0.07716796547174454, 0.11876842379570007, 0.09178902953863144, 0.09364209324121475, 0.08045857399702072, 0.07678493112325668, 0.08129715919494629, 0.08288507163524628, 0.08183553069829941, 0.08471497148275375, 0.07865797728300095, 0.07871895283460617, 0.07968131452798843, 0.08729986101388931], "val_precision": [0.8367248773574829, 0.9349675178527832, 0.8982897400856018, 0.8824551701545715, 0.9449672698974609, 0.9558311700820923, 0.9520516991615295, 0.9199267029762268, 0.9623449444770813, 0.9660956263542175, 0.9619789123535156, 0.9685742259025574, 0.9661470055580139, 0.9772828221321106, 0.9661107659339905, 0.9763109087944031, 0.9744250178337097, 0.977811336517334, 0.9771960973739624, 0.9814716577529907, 0.9805799126625061, 0.9827081561088562, 0.9729346036911011, 0.9812206625938416, 0.978459358215332, 0.9815782308578491, 0.9819421172142029, 0.9831783771514893, 0.9815011620521545, 0.983433723449707, 0.9819421172142029, 0.982201337814331, 0.9841522574424744, 0.9834352135658264, 0.9818423390388489], "val_recall": [0.7703251838684082, 0.9033227562904358, 0.8772534728050232, 0.8525097370147705, 0.9316896200180054, 0.946624219417572, 0.9369918704032898, 0.8873276710510254, 0.9530752897262573, 0.956875205039978, 0.9502474665641785, 0.9587309956550598, 0.9583775401115417, 0.9732237458229065, 0.957317054271698, 0.9724284410476685, 0.9696889519691467, 0.9735772609710693, 0.9732237458229065, 0.9783492684364319, 0.977200448513031, 0.979321300983429, 0.9688935875892639, 0.978879451751709, 0.9754329919815063, 0.9794096946716309, 0.9802933931350708, 0.9813538193702698, 0.9799399375915527, 0.9810003638267517, 0.9802933931350708, 0.9802049994468689, 0.9823259115219116, 0.9810886979103088, 0.9795864224433899], "learning_rate": [0.0010000000474974513, 0.0010000000474974513, 0.0010000000474974513, 0.0010000000474974513, 0.0010000000474974513, 0.0010000000474974513, 0.0010000000474974513, 0.0010000000474974513, 0.0010000000474974513, 0.0010000000474974513, 0.0010000000474974513, 0.0010000000474974513, 0.0010000000474974513, 0.0010000000474974513, 0.0010000000474974513, 0.0010000000474974513, 0.0010000000474974513, 0.0005000000237487257, 0.0005000000237487257, 0.0005000000237487257, 0.0005000000237487257, 0.0005000000237487257, 0.0005000000237487257, 0.0005000000237487257, 0.0005000000237487257, 0.0002500000118743628, 0.0002500000118743628, 0.0002500000118743628, 0.0002500000118743628, 0.0002500000118743628, 0.0002500000118743628, 0.0001250000059371814, 0.0001250000059371814, 0.0001250000059371814, 0.0001250000059371814]}