{"accuracy": [0.4927349090576172, 0.8156280517578125, 0.9105585813522339, 0.9144333004951477, 0.9612528085708618, 0.9702938199043274, 0.9696480631828308, 0.9770745635032654, 0.9845011234283447, 0.987730085849762, 0.9790119528770447, 0.9899902939796448, 0.9896674156188965, 0.9912818670272827, 0.9945108294487, 0.9919276833534241, 0.9970939755439758, 0.9961252808570862, 0.9928963780403137, 0.9916048049926758], "loss": [1.3891537189483643, 0.5404025912284851, 0.2537626326084137, 0.24565410614013672, 0.11572331935167313, 0.08850139379501343, 0.09417866170406342, 0.0741209164261818, 0.04826740920543671, 0.04474683105945587, 0.06453999876976013, 0.03219711035490036, 0.027213772758841515, 0.023896202445030212, 0.017470385879278183, 0.025511883199214935, 0.012035583145916462, 0.013206268660724163, 0.0161312036216259, 0.03286640718579292], "val_accuracy": [0.1367741972208023, 0.10064516216516495, 0.13290323317050934, 0.2503225803375244, 0.740645170211792, 0.774193525314331, 0.6554838418960571, 0.9380645155906677, 0.37161290645599365, 0.5303225517272949, 0.8283870816230774, 0.9767742156982422, 0.9767742156982422, 0.9896774291992188, 0.9587096571922302, 0.8645161390304565, 0.9948387145996094, 0.9858064651489258, 0.9870967864990234, 0.3677419424057007], "val_loss": [3.2122883796691895, 10.358695030212402, 8.648470878601074, 7.962731838226318, 1.0301439762115479, 0.8037087917327881, 1.3533762693405151, 0.1966230869293213, 5.85132360458374, 2.868633508682251, 0.6396523118019104, 0.07101445645093918, 0.0665387436747551, 0.02334131859242916, 0.1284456104040146, 0.44423791766166687, 0.015456977300345898, 0.040051382035017014, 0.052182771265506744, 8.563328742980957], "learning_rate": [0.0010000000474974513, 0.0010000000474974513, 0.0010000000474974513, 0.0010000000474974513, 0.0005000000237487257, 0.0005000000237487257, 0.0005000000237487257, 0.0005000000237487257, 0.0005000000237487257, 0.0005000000237487257, 0.0005000000237487257, 0.0002500000118743628, 0.0002500000118743628, 0.0002500000118743628, 0.0002500000118743628, 0.0002500000118743628, 0.0002500000118743628, 0.0002500000118743628, 0.0002500000118743628, 0.0002500000118743628]}