{"accuracy": [0.36260896921157837, 0.7223119139671326, 0.8440425992012024, 0.8847271800041199, 0.9066838622093201, 0.9186309576034546, 0.9405876398086548, 0.94510817527771, 0.9564094543457031, 0.9515660405158997, 0.9622215032577515, 0.964481770992279, 0.965773344039917, 0.9660962224006653, 0.9767516851425171, 0.9803035259246826, 0.9854698181152344, 0.9841782450675964, 0.9899902939796448, 0.9899902939796448], "loss": [2.1012892723083496, 0.8504315614700317, 0.48225030303001404, 0.34567511081695557, 0.2685687839984894, 0.24323517084121704, 0.1800992786884308, 0.16739840805530548, 0.13580146431922913, 0.1561267077922821, 0.11261532455682755, 0.1063200905919075, 0.10633473843336105, 0.09939826279878616, 0.06528126448392868, 0.05418914929032326, 0.04918950796127319, 0.055770233273506165, 0.03463803604245186, 0.03339245915412903], "val_accuracy": [0.10967741906642914, 0.08516129106283188, 0.08258064836263657, 0.1832258105278015, 0.3767741918563843, 0.3096774220466614, 0.4606451690196991, 0.40129032731056213, 0.5251612663269043, 0.6929032206535339, 0.8451613187789917, 0.740645170211792, 0.7483870983123779, 0.885161280632019, 0.8748387098312378, 0.8877419233322144, 0.9419354796409607, 0.9741935729980469, 0.9806451797485352, 0.9909677505493164], "val_loss": [16.30610466003418, 12.897989273071289, 17.53440284729004, 14.148215293884277, 8.451911926269531, 8.209877967834473, 5.37421989440918, 6.264916896820068, 4.297037124633789, 2.1110622882843018, 0.8413810729980469, 1.962700366973877, 2.2719247341156006, 0.9578923583030701, 0.9087632298469543, 0.6359485387802124, 0.2612827718257904, 0.08998021483421326, 0.061604008078575134, 0.028637945652008057], "learning_rate": [0.0010000000474974513, 0.0010000000474974513, 0.0010000000474974513, 0.0010000000474974513, 0.0010000000474974513, 0.0010000000474974513, 0.0010000000474974513, 0.0010000000474974513, 0.0010000000474974513, 0.0010000000474974513, 0.0010000000474974513, 0.0010000000474974513, 0.0010000000474974513, 0.0010000000474974513, 0.0005000000237487257, 0.0005000000237487257, 0.0005000000237487257, 0.0005000000237487257, 0.0005000000237487257, 0.0005000000237487257]}