{"accuracy": [0.1859864443540573, 0.3958669602870941, 0.5547303557395935, 0.6609622240066528, 0.7623506784439087, 0.8162738084793091, 0.8282208442687988, 0.9254117012023926, 0.9328382015228271, 0.9502744674682617, 0.9392960667610168, 0.9473684430122375, 0.9422021508216858, 0.9622215032577515, 0.9441394805908203, 0.9541491866111755, 0.9751372337341309, 0.9819179773330688, 0.9822408556938171, 0.9754601120948792], "loss": [2.8572521209716797, 1.7689822912216187, 1.3369996547698975, 0.9755274653434753, 0.7087928652763367, 0.544262707233429, 0.5526964068412781, 0.237883523106575, 0.18757730722427368, 0.1485350877046585, 0.1743984967470169, 0.1520678848028183, 0.17634963989257812, 0.11511832475662231, 0.18077585101127625, 0.13970187306404114, 0.07382960617542267, 0.052273523062467575, 0.05386579781770706, 0.08011826127767563], "val_accuracy": [0.08129031956195831, 0.16516129672527313, 0.19612903892993927, 0.472258061170578, 0.10838709771633148, 0.4838709533214569, 0.4025806486606598, 0.21419355273246765, 0.8309677243232727, 0.9225806593894958, 0.885161280632019, 0.9200000166893005, 0.9651612639427185, 0.796129047870636, 0.6864516139030457, 0.8980644941329956, 0.9703226089477539, 0.9716129302978516, 0.9832258224487305, 0.9251613020896912], "val_loss": [7.368966102600098, 3.5500593185424805, 7.9775824546813965, 3.104072332382202, 22.020017623901367, 3.945312738418579, 7.105654716491699, 7.812761306762695, 0.6176893711090088, 0.22085224092006683, 0.3616276979446411, 0.29806235432624817, 0.09298164397478104, 0.7195472121238708, 1.3974348306655884, 0.2975280284881592, 0.09234943985939026, 0.07725419849157333, 0.05448002368211746, 0.21324555575847626], "learning_rate": [0.0010000000474974513, 0.0010000000474974513, 0.0010000000474974513, 0.0010000000474974513, 0.0010000000474974513, 0.0010000000474974513, 0.0010000000474974513, 0.0005000000237487257, 0.0005000000237487257, 0.0005000000237487257, 0.0005000000237487257, 0.0005000000237487257, 0.0005000000237487257, 0.0005000000237487257, 0.0005000000237487257, 0.0005000000237487257, 0.0002500000118743628, 0.0002500000118743628, 0.0002500000118743628, 0.0002500000118743628]}