{"accuracy": [0.5188892483711243, 0.8262835144996643, 0.8947368264198303, 0.9128188490867615, 0.9547949433326721, 0.9696480631828308, 0.964481770992279, 0.9761059284210205, 0.9757829904556274, 0.9754601120948792, 0.9828866720199585, 0.979334831237793, 0.9764288067817688, 0.9806264042854309, 0.9796577095985413, 0.9841782450675964, 0.9928963780403137, 0.9928963780403137, 0.9961252808570862, 0.9945108294487], "loss": [1.318335771560669, 0.46344706416130066, 0.30021893978118896, 0.24139806628227234, 0.12916451692581177, 0.09327532351016998, 0.09558843821287155, 0.06848278641700745, 0.07014545798301697, 0.06879835575819016, 0.054576072841882706, 0.061403270810842514, 0.06491449475288391, 0.0550774447619915, 0.05298290401697159, 0.04721508175134659, 0.02482643350958824, 0.02507357858121395, 0.016131306067109108, 0.01473848894238472], "val_accuracy": [0.09548386931419373, 0.09548386931419373, 0.09548386931419373, 0.09548386931419373, 0.09935484081506729, 0.5987097024917603, 0.47612902522087097, 0.892903208732605, 0.5974193811416626, 0.2916128933429718, 0.9290322661399841, 0.4864516258239746, 0.940645158290863, 0.8387096524238586, 0.7290322780609131, 0.6412903070449829, 0.9677419066429138, 0.9225806593894958, 0.9935483932495117, 0.9238709807395935], "val_loss": [2.5010244846343994, 2.731337547302246, 3.5508780479431152, 5.2106828689575195, 3.745668411254883, 1.3321374654769897, 2.7614219188690186, 0.33858299255371094, 1.8527772426605225, 6.510773181915283, 0.20531940460205078, 3.1324942111968994, 0.14625926315784454, 0.45568063855171204, 0.9805065393447876, 1.9822481870651245, 0.07937167584896088, 0.2500985562801361, 0.0210577342659235, 0.2558835446834564], "learning_rate": [0.0010000000474974513, 0.0010000000474974513, 0.0010000000474974513, 0.0010000000474974513, 0.0005000000237487257, 0.0005000000237487257, 0.0005000000237487257, 0.0005000000237487257, 0.0005000000237487257, 0.0005000000237487257, 0.0005000000237487257, 0.0005000000237487257, 0.0005000000237487257, 0.0005000000237487257, 0.0005000000237487257, 0.0005000000237487257, 0.0002500000118743628, 0.0002500000118743628, 0.0002500000118743628, 0.0002500000118743628]}