epoch,train_acc,train_loss,val_acc,val_loss,note
1,0.114077,2.591269,0.086059,2.485457,
2,0.170039,2.327044,0.086059,2.488916,
3,0.241929,2.102659,0.086059,2.500254,
4,0.346965,1.800363,0.086059,2.531908,
5,0.452002,1.493831,0.086059,2.558821,
6,0.476539,1.366497,0.086059,2.600616,
