epoch,train_acc,train_loss,val_acc,val_loss,note
1,0.118217,2.60851,0.085052,2.485457,
2,0.142119,2.427286,0.085052,2.488035,
3,0.200904,2.324881,0.056701,2.493839,
4,0.204134,2.230729,0.069588,2.505338,
5,0.286176,1.980431,0.097938,2.519368,
6,0.326227,1.810727,0.069588,2.539351,
7,0.367571,1.701839,0.069588,2.55724,
8,0.448966,1.486477,0.069588,2.577151,
9,0.450904,1.437622,0.069588,2.595162,
10,0.475452,1.359132,0.069588,2.620368,
