epoch,train_acc,train_loss,val_acc,val_loss,note
1,0.123991,2.515506,0.086452,2.483154,
2,0.216338,2.223072,0.095484,2.484775,
3,0.340329,1.805309,0.086452,2.507153,
4,0.461414,1.438748,0.072258,2.562036,
5,0.575396,1.118851,0.072258,2.638826,
6,0.655796,0.923125,0.072258,2.704563,
7,0.713271,0.772173,0.072258,2.83419,
