epoch,train_acc,train_loss,val_acc,val_loss,note
1,0.408269,1.647313,0.085052,2.492011,NOTE: result affected by data-path bug; see paper supplementary note
2,0.7177,0.79295,0.085052,2.517308,
3,0.799742,0.535628,0.085052,2.598306,
4,0.852713,0.393342,0.085052,2.774672,
5,0.894703,0.288142,0.085052,3.093267,
6,0.937339,0.180877,0.085052,3.438144,
