epoch,train_acc,train_loss,val_acc,val_loss,note
1,0.49505,1.395363,0.086059,2.511047,NOTE: result affected by data-path bug; see paper supplementary note
2,0.81059,0.550537,0.086059,2.685551,
3,0.879466,0.334636,0.086059,3.212716,
4,0.916057,0.246601,0.086059,4.192752,
5,0.944899,0.150064,0.086059,6.512049,
6,0.96384,0.105319,0.086059,7.267287,
