{"accuracy": [0.3087855279445648, 0.643410861492157, 0.7926356792449951, 0.8494831919670105, 0.8656330704689026, 0.9043927788734436, 0.9295865893363953, 0.9250646233558655, 0.9140827059745789, 0.9677002429962158, 0.9715762138366699, 0.9812661409378052, 0.9696382284164429, 0.9786821603775024, 0.9864341020584106, 0.987726092338562, 0.9896640777587891, 0.9935400485992432, 0.9948320388793945, 0.9922480583190918], "loss": [1.8892542123794556, 0.9811977744102478, 0.5527151226997375, 0.41792336106300354, 0.4023531377315521, 0.24184350669384003, 0.22621405124664307, 0.21509003639221191, 0.2473449558019638, 0.10115597397089005, 0.07592080533504486, 0.06336627155542374, 0.08059198409318924, 0.06582123786211014, 0.04760182276368141, 0.03897273913025856, 0.03172268345952034, 0.02149973250925541, 0.019897252321243286, 0.02818925492465496], "val_accuracy": [0.09278350323438644, 0.10824742168188095, 0.19587628543376923, 0.09278350323438644, 0.1520618498325348, 0.5824742317199707, 0.42783504724502563, 0.2860824763774872, 0.32474225759506226, 0.5386598110198975, 0.8350515365600586, 0.8711340427398682, 0.7242268323898315, 0.3195876181125641, 0.8144329786300659, 0.9819587469100952, 0.9175257682800293, 0.9871134161949158, 0.9974226951599121, 0.9432989954948425], "val_loss": [21.11454200744629, 8.473942756652832, 5.616403579711914, 23.379749298095703, 9.164468765258789, 1.5303431749343872, 5.193896293640137, 5.753492832183838, 7.629270076751709, 2.4612483978271484, 0.6659616827964783, 0.39590218663215637, 1.059179425239563, 6.805872917175293, 0.6465017199516296, 0.04829147085547447, 0.2428639978170395, 0.03916117921471596, 0.02325390838086605, 0.17484350502490997], "learning_rate": [0.0010000000474974513, 0.0010000000474974513, 0.0010000000474974513, 0.0010000000474974513, 0.0010000000474974513, 0.0010000000474974513, 0.0010000000474974513, 0.0010000000474974513, 0.0010000000474974513, 0.0005000000237487257, 0.0005000000237487257, 0.0005000000237487257, 0.0005000000237487257, 0.0005000000237487257, 0.0005000000237487257, 0.0002500000118743628, 0.0002500000118743628, 0.0002500000118743628, 0.0002500000118743628, 0.0002500000118743628]}