{"accuracy": [0.2816537320613861, 0.6466408371925354, 0.7952196598052979, 0.8359172940254211, 0.8430232405662537, 0.8921188712120056, 0.9347545504570007, 0.9554263353347778, 0.963178277015686, 0.9748061895370483, 0.9722222089767456, 0.9838501214981079, 0.9832041263580322, 0.9851421117782593, 0.9864341020584106, 0.987726092338562, 0.9819121360778809, 0.9941860437393188, 0.985788106918335, 0.9851421117782593], "loss": [2.1359004974365234, 0.947780191898346, 0.5529726147651672, 0.45098695158958435, 0.4362509846687317, 0.27232614159584045, 0.1968161165714264, 0.12158667296171188, 0.11806870251893997, 0.09040556848049164, 0.07303040474653244, 0.050113268196582794, 0.057814743369817734, 0.045391663908958435, 0.047072067856788635, 0.04011867195367813, 0.051555223762989044, 0.021502485498785973, 0.03512342646718025, 0.0416543111205101], "val_accuracy": [0.09278350323438644, 0.08762886375188828, 0.17010308802127838, 0.17010308802127838, 0.19072164595127106, 0.19072164595127106, 0.7319587469100952, 0.35824742913246155, 0.6288659572601318, 0.6597937941551208, 0.8247422575950623, 0.8479381203651428, 0.8608247637748718, 0.9175257682800293, 0.9175257682800293, 0.9329897165298462, 0.9329897165298462, 0.9922680258750916, 0.7680412530899048, 0.8634020686149597], "val_loss": [41.35054397583008, 8.361649513244629, 5.018216609954834, 7.404355525970459, 8.778301239013672, 8.653043746948242, 1.1995939016342163, 3.7711877822875977, 1.6485192775726318, 1.665549635887146, 0.6211137175559998, 0.4899309277534485, 0.5576503276824951, 0.27976471185684204, 0.21686269342899323, 0.15797093510627747, 0.1966763138771057, 0.020824119448661804, 0.9724931716918945, 0.4655389189720154], "learning_rate": [0.0010000000474974513, 0.0010000000474974513, 0.0010000000474974513, 0.0010000000474974513, 0.0010000000474974513, 0.0010000000474974513, 0.0005000000237487257, 0.0005000000237487257, 0.0005000000237487257, 0.0005000000237487257, 0.0002500000118743628, 0.0002500000118743628, 0.0002500000118743628, 0.0002500000118743628, 0.0002500000118743628, 0.0002500000118743628, 0.0002500000118743628, 0.0002500000118743628, 0.0002500000118743628, 0.0002500000118743628]}