{"accuracy": [0.1472868174314499, 0.23320414125919342, 0.33850130438804626, 0.4515503942966461, 0.512273907661438, 0.5749353766441345, 0.6078811287879944, 0.6918604373931885, 0.7700258493423462, 0.7913436889648438, 0.8346253037452698, 0.9063307642936707, 0.9205426573753357, 0.9147287011146545, 0.9257106184959412, 0.9192506670951843, 0.9366925358772278, 0.932170569896698, 0.9502583742141724, 0.9709302186965942], "loss": [3.3486168384552, 2.3914921283721924, 1.9137542247772217, 1.5161781311035156, 1.3601359128952026, 1.202136754989624, 1.1982269287109375, 0.88388592004776, 0.6464623212814331, 0.58796626329422, 0.5066596865653992, 0.2706235945224762, 0.2525637149810791, 0.2500896155834198, 0.23796120285987854, 0.232777938246727, 0.17373377084732056, 0.2005966603755951, 0.1549772173166275, 0.08452349156141281], "val_accuracy": [0.09278350323438644, 0.06443298608064651, 0.06958762556314468, 0.21134020388126373, 0.35824742913246155, 0.20618556439876556, 0.3685567080974579, 0.5644329786300659, 0.469072163105011, 0.4175257682800293, 0.5953608155250549, 0.7242268323898315, 0.6340206265449524, 0.6340206265449524, 0.8092783689498901, 0.7036082744598389, 0.7603092789649963, 0.7164948582649231, 0.9020618796348572, 0.9432989954948425], "val_loss": [11.542975425720215, 4.717461109161377, 5.924084186553955, 4.155683517456055, 3.046105146408081, 5.112304210662842, 4.662934303283691, 1.8513120412826538, 3.7828054428100586, 4.004730701446533, 2.0865490436553955, 1.1711586713790894, 1.424705147743225, 1.9047372341156006, 0.5903170704841614, 0.933769941329956, 0.7894957065582275, 1.490321397781372, 0.28585535287857056, 0.14205072820186615], "learning_rate": [0.0010000000474974513, 0.0010000000474974513, 0.0010000000474974513, 0.0010000000474974513, 0.0010000000474974513, 0.0010000000474974513, 0.0010000000474974513, 0.0010000000474974513, 0.0010000000474974513, 0.0010000000474974513, 0.0010000000474974513, 0.0005000000237487257, 0.0005000000237487257, 0.0005000000237487257, 0.0005000000237487257, 0.0005000000237487257, 0.0005000000237487257, 0.0005000000237487257, 0.0002500000118743628, 0.0002500000118743628]}