{"accuracy": [0.42359018325805664, 0.7477399706840515, 0.8583728075027466, 0.8842014670372009, 0.9164872765541077, 0.9255273342132568, 0.9638398885726929, 0.9746018052101135, 0.9797675609588623, 0.9814894795417786, 0.9801980257034302, 0.9840723276138306, 0.9836418628692627, 0.990529477596283, 0.9909599423408508, 0.9870856404304504, 0.9952647686004639, 0.9969866275787354, 0.9944037795066833, 0.9969866275787354], "loss": [1.6430354118347168, 0.6970247626304626, 0.3777433931827545, 0.31301644444465637, 0.25266173481941223, 0.2081678956747055, 0.10370685905218124, 0.0776953399181366, 0.05738651379942894, 0.05327992141246796, 0.0541243739426136, 0.04820778965950012, 0.04057659953832626, 0.028649521991610527, 0.03248392790555954, 0.03607841953635216, 0.01778498664498329, 0.01260058581829071, 0.013314241543412209, 0.01323914248496294], "val_accuracy": [0.08433734625577927, 0.0877796933054924, 0.17383821308612823, 0.15490533411502838, 0.3752151429653168, 0.2409638613462448, 0.5352839827537537, 0.8347676396369934, 0.8795180916786194, 0.5008605718612671, 0.29432013630867004, 0.7005163431167603, 0.977624773979187, 0.9707400798797607, 0.8846815824508667, 0.9053356051445007, 0.9913941621780396, 0.9862306118011475, 0.9965576529502869, 0.9913941621780396], "val_loss": [15.031296730041504, 13.404548645019531, 4.878769397735596, 12.24671745300293, 5.487676620483398, 6.6249895095825195, 2.449910879135132, 0.5662742257118225, 0.3240296542644501, 2.6929421424865723, 5.731576442718506, 1.0709000825881958, 0.06113491579890251, 0.08634260296821594, 0.5139756202697754, 0.3206671178340912, 0.024032235145568848, 0.039958830922842026, 0.011811042204499245, 0.020056594163179398], "learning_rate": [0.0010000000474974513, 0.0010000000474974513, 0.0010000000474974513, 0.0010000000474974513, 0.0010000000474974513, 0.0010000000474974513, 0.0005000000237487257, 0.0005000000237487257, 0.0005000000237487257, 0.0005000000237487257, 0.0005000000237487257, 0.0005000000237487257, 0.0002500000118743628, 0.0002500000118743628, 0.0002500000118743628, 0.0002500000118743628, 0.0001250000059371814, 0.0001250000059371814, 0.0001250000059371814, 0.0001250000059371814]}