{"accuracy": [0.3878605365753174, 0.6844597458839417, 0.7968144416809082, 0.8458889126777649, 0.8859233856201172, 0.9078777432441711, 0.9354283213615417, 0.9440378546714783, 0.959104597568512, 0.9509255290031433, 0.9560912847518921, 0.9595350623130798, 0.9724494218826294, 0.9698665738105774, 0.9724494218826294, 0.9638398885726929, 0.9758932590484619, 0.9776151776313782, 0.980628490447998, 0.9849332571029663], "loss": [2.1213982105255127, 1.0765273571014404, 0.689486026763916, 0.4511216878890991, 0.35710573196411133, 0.284514456987381, 0.20448842644691467, 0.16576339304447174, 0.12077728658914566, 0.14617319405078888, 0.11975932121276855, 0.11914431303739548, 0.09065204858779907, 0.10155955702066422, 0.07866380363702774, 0.11317993700504303, 0.07192058861255646, 0.07199587672948837, 0.0558193102478981, 0.04398803412914276], "val_accuracy": [0.23752151429653168, 0.2203098088502884, 0.49225473403930664, 0.3786574900150299, 0.5645439028739929, 0.4406196177005768, 0.5094664096832275, 0.5283992886543274, 0.6540447473526001, 0.7504302859306335, 0.7314974069595337, 0.7418244481086731, 0.8003442287445068, 0.889845073223114, 0.9104991555213928, 0.86919105052948, 0.8502581715583801, 0.7917383909225464, 0.8829604387283325, 0.8967297673225403], "val_loss": [7.047683238983154, 8.424007415771484, 2.9837307929992676, 5.000468730926514, 3.465487480163574, 3.5615949630737305, 3.1931726932525635, 3.6079013347625732, 2.052867889404297, 1.3381903171539307, 1.5094337463378906, 1.3641326427459717, 1.0799766778945923, 0.4701451361179352, 0.40141308307647705, 0.578542947769165, 0.6898096203804016, 1.1794596910476685, 0.4794377088546753, 0.3952726423740387], "learning_rate": [0.0010000000474974513, 0.0010000000474974513, 0.0010000000474974513, 0.0010000000474974513, 0.0010000000474974513, 0.0010000000474974513, 0.0005000000237487257, 0.0005000000237487257, 0.0005000000237487257, 0.0005000000237487257, 0.0005000000237487257, 0.0005000000237487257, 0.0005000000237487257, 0.0005000000237487257, 0.0005000000237487257, 0.0005000000237487257, 0.0005000000237487257, 0.0005000000237487257, 0.0002500000118743628, 0.0002500000118743628]}