{"accuracy": [0.14851485192775726, 0.25785622000694275, 0.3986224830150604, 0.3301765024662018, 0.4644855856895447, 0.596642255783081, 0.5708135962486267, 0.5841584205627441, 0.6943607330322266, 0.7817477583885193, 0.8200602531433105, 0.7920792102813721, 0.8570813536643982, 0.871717631816864, 0.8902281522750854, 0.8600947260856628, 0.8975462913513184, 0.9104605913162231, 0.9216530323028564, 0.951786458492279], "loss": [3.354201316833496, 2.4068684577941895, 1.802899956703186, 2.232968807220459, 1.5658690929412842, 1.2077029943466187, 1.3323400020599365, 1.1904792785644531, 0.9297183752059937, 0.6315163969993591, 0.49516627192497253, 0.6178716421127319, 0.4328990876674652, 0.3638322651386261, 0.3744451403617859, 0.4476329982280731, 0.28650468587875366, 0.2671750485897064, 0.2454848736524582, 0.1658044308423996], "val_accuracy": [0.0877796933054924, 0.12908777594566345, 0.2203098088502884, 0.08433734625577927, 0.15834768116474152, 0.4492254853248596, 0.10843373835086823, 0.08433734625577927, 0.14974182844161987, 0.5886402726173401, 0.25645437836647034, 0.7366609573364258, 0.8296041488647461, 0.826161801815033, 0.8416523337364197, 0.7039586901664734, 0.7039586901664734, 0.6729776263237, 0.8640275597572327, 0.9225473403930664], "val_loss": [2.858093023300171, 2.809208393096924, 2.4711225032806396, 264.8927917480469, 6.196252346038818, 1.9205529689788818, 52.54941940307617, 389.31573486328125, 6.6463212966918945, 1.1362618207931519, 3.203479766845703, 0.7337816953659058, 0.48300495743751526, 0.4304083287715912, 0.4202725291252136, 1.1502718925476074, 0.919397234916687, 1.3221585750579834, 0.6412553787231445, 0.19380474090576172], "learning_rate": [0.0010000000474974513, 0.0010000000474974513, 0.0010000000474974513, 0.0010000000474974513, 0.0010000000474974513, 0.0010000000474974513, 0.0010000000474974513, 0.0010000000474974513, 0.0010000000474974513, 0.0005000000237487257, 0.0005000000237487257, 0.0005000000237487257, 0.0005000000237487257, 0.0005000000237487257, 0.0005000000237487257, 0.0005000000237487257, 0.0005000000237487257, 0.0005000000237487257, 0.0002500000118743628, 0.0002500000118743628]}