{"accuracy": [0.46835988759994507, 0.7585019469261169, 0.8885062336921692, 0.8945329189300537, 0.9448988437652588, 0.9586741328239441, 0.9698665738105774, 0.9694360494613647, 0.9642703533172607, 0.9638398885726929, 0.9767541885375977, 0.9840723276138306, 0.9913904666900635, 0.9862247109413147, 0.9849332571029663, 0.987946629524231, 0.987946629524231, 0.987946629524231, 0.9926818609237671, 0.9892380833625793], "loss": [1.5294184684753418, 0.653998076915741, 0.33072662353515625, 0.2849407196044922, 0.1640079766511917, 0.11955919861793518, 0.10186544060707092, 0.08966951817274094, 0.10288318991661072, 0.10741210728883743, 0.06943999975919724, 0.05104753375053406, 0.035311415791511536, 0.04047033563256264, 0.04376228526234627, 0.039582885801792145, 0.039585985243320465, 0.03913267329335213, 0.02938912808895111, 0.029212215915322304], "val_accuracy": [0.0877796933054924, 0.0877796933054924, 0.08605851978063583, 0.08605851978063583, 0.0877796933054924, 0.09982788562774658, 0.2306368350982666, 0.7487091422080994, 0.716006875038147, 0.7108433842658997, 0.5576592087745667, 0.955249547958374, 0.891566276550293, 0.8623063564300537, 0.9518072009086609, 0.9879518151283264, 0.8416523337364197, 0.8674699068069458, 0.9397590160369873, 0.93459552526474], "val_loss": [2.4908597469329834, 2.5174641609191895, 2.5703139305114746, 2.6565957069396973, 2.740729570388794, 2.600388288497925, 2.221898078918457, 0.8225674033164978, 0.8347041010856628, 0.9258425831794739, 1.6711262464523315, 0.1392255574464798, 0.3512917757034302, 0.46422111988067627, 0.12944236397743225, 0.038933925330638885, 0.561308741569519, 0.3844561278820038, 0.24908463656902313, 0.22580857574939728], "learning_rate": [0.0005000000237487257, 0.0005000000237487257, 0.0005000000237487257, 0.0005000000237487257, 0.0002500000118743628, 0.0002500000118743628, 0.0002500000118743628, 0.0002500000118743628, 0.0002500000118743628, 0.0002500000118743628, 0.0002500000118743628, 0.0001250000059371814, 0.0001250000059371814, 0.0001250000059371814, 0.0001250000059371814, 0.0001250000059371814, 0.0001250000059371814, 0.0001250000059371814, 0.0001250000059371814, 6.25000029685907e-05]}