{"accuracy": [0.5648244023323059, 0.8724173307418823, 0.9173553586006165, 0.9372417330741882, 0.9821797609329224, 0.9795970916748047, 0.9847623705863953, 0.9901859760284424, 0.9922520518302917, 0.9940599203109741, 0.9917355179786682, 0.9878615736961365, 0.9945764541625977, 0.9935433864593506, 0.9943181872367859, 0.9932851195335388, 0.9940599203109741, 0.99638432264328, 0.9979338645935059, 0.9961260557174683], "loss": [1.1887576580047607, 0.35099315643310547, 0.24062246084213257, 0.17204760015010834, 0.0564003586769104, 0.05944571644067764, 0.04698516055941582, 0.03342084586620331, 0.024330057203769684, 0.020744264125823975, 0.019127994775772095, 0.02938951551914215, 0.019850214943289757, 0.022476671263575554, 0.018715493381023407, 0.021575652062892914, 0.019612079486250877, 0.014343402348458767, 0.007739469408988953, 0.010708410292863846], "val_accuracy": [0.08677686005830765, 0.08677686005830765, 0.15805785357952118, 0.08057851344347, 0.12809917330741882, 0.12706612050533295, 0.18801653385162354, 0.2541322410106659, 0.8667355179786682, 0.7820248007774353, 0.9183884263038635, 0.42768594622612, 0.23966942727565765, 0.9824380278587341, 0.5041322112083435, 0.3873966932296753, 0.4648760259151459, 0.9969007968902588, 0.9989669322967529, 0.9938016533851624], "val_loss": [4.680534839630127, 7.051989555358887, 7.204168319702148, 24.140634536743164, 13.596417427062988, 25.425453186035156, 16.81142234802246, 13.20534610748291, 0.3754254877567291, 0.8479426503181458, 0.2768673598766327, 4.520657539367676, 13.299738883972168, 0.05909049138426781, 3.0385377407073975, 4.9059953689575195, 4.332629203796387, 0.008002727292478085, 0.002146756509318948, 0.01735324040055275], "learning_rate": [0.0010000000474974513, 0.0010000000474974513, 0.0010000000474974513, 0.0010000000474974513, 0.0005000000237487257, 0.0005000000237487257, 0.0005000000237487257, 0.0002500000118743628, 0.0002500000118743628, 0.0002500000118743628, 0.0002500000118743628, 0.0002500000118743628, 0.0002500000118743628, 0.0002500000118743628, 0.0002500000118743628, 0.0002500000118743628, 0.0002500000118743628, 0.0001250000059371814, 0.0001250000059371814, 0.0001250000059371814]}