{"accuracy": [0.506973147392273, 0.7691115736961365, 0.8450413346290588, 0.8959194421768188, 0.8990185856819153, 0.9152892827987671, 0.9336260557174683, 0.9545454382896423, 0.9542871713638306, 0.9653925895690918, 0.9560950398445129, 0.9721074104309082, 0.9563533067703247, 0.9677169322967529, 0.9692665338516235, 0.9798553586006165, 0.9876033067703247, 0.9876033067703247, 0.9881198406219482, 0.9909607172012329], "loss": [1.5946463346481323, 0.7783012986183167, 0.4919346570968628, 0.3522931635379791, 0.34331411123275757, 0.28655871748924255, 0.2025223821401596, 0.1377464383840561, 0.14119265973567963, 0.10955435037612915, 0.1257815659046173, 0.08458991348743439, 0.12722501158714294, 0.09806641936302185, 0.10242016613483429, 0.05765162408351898, 0.03898267820477486, 0.04069178178906441, 0.03947427123785019, 0.030310602858662605], "val_accuracy": [0.13946281373500824, 0.0847107470035553, 0.15805785357952118, 0.2913223206996918, 0.3068181872367859, 0.6022727489471436, 0.6435950398445129, 0.7727272510528564, 0.8698347210884094, 0.6477272510528564, 0.8233470916748047, 0.9049586653709412, 0.8842975497245789, 0.8873966932296753, 0.8595041036605835, 0.9555785059928894, 0.9690082669258118, 0.9493801593780518, 0.9721074104309082, 0.9814049601554871], "val_loss": [17.464168548583984, 12.569144248962402, 8.783489227294922, 7.873575210571289, 7.1436614990234375, 2.959886312484741, 2.3620927333831787, 1.3154228925704956, 0.6151257157325745, 3.4411778450012207, 1.350374460220337, 0.4288623034954071, 0.7106891870498657, 1.0638980865478516, 1.0944523811340332, 0.1961141973733902, 0.19858913123607635, 0.29062286019325256, 0.15182623267173767, 0.07888655364513397], "learning_rate": [0.0010000000474974513, 0.0010000000474974513, 0.0010000000474974513, 0.0010000000474974513, 0.0010000000474974513, 0.0010000000474974513, 0.0010000000474974513, 0.0010000000474974513, 0.0010000000474974513, 0.0010000000474974513, 0.0010000000474974513, 0.0010000000474974513, 0.0010000000474974513, 0.0010000000474974513, 0.0010000000474974513, 0.0005000000237487257, 0.0005000000237487257, 0.0005000000237487257, 0.0005000000237487257, 0.0005000000237487257]}