{"accuracy": [0.18155992031097412, 0.3050103187561035, 0.3979855477809906, 0.5338326692581177, 0.6846590638160706, 0.7915805578231812, 0.8248966932296753, 0.8690599203109741, 0.8876549601554871, 0.8910123705863953, 0.9057334661483765, 0.8840392827987671, 0.9152892827987671, 0.9287189841270447, 0.964101254940033, 0.97236567735672, 0.9731404781341553, 0.9697830677032471, 0.9770144820213318, 0.9759814143180847], "loss": [3.039992570877075, 2.223118305206299, 1.862741470336914, 1.3669517040252686, 0.874767541885376, 0.5985434055328369, 0.5305572152137756, 0.38994473218917847, 0.3589262068271637, 0.3426052927970886, 0.3023747205734253, 0.4007795751094818, 0.26869460940361023, 0.2358531355857849, 0.10867144912481308, 0.08917241543531418, 0.07696204632520676, 0.09032151848077774, 0.06772755831480026, 0.07042735069990158], "val_accuracy": [0.08677686005830765, 0.08677686005830765, 0.08780992031097412, 0.18285124003887177, 0.3595041334629059, 0.6280992031097412, 0.6673553586006165, 0.7179751992225647, 0.8419421315193176, 0.7035123705863953, 0.932851254940033, 0.3997933864593506, 0.7045454382896423, 0.8336777091026306, 0.9473140239715576, 0.9752066135406494, 0.9927685856819153, 0.8192148804664612, 0.9824380278587341, 0.9400826692581177], "val_loss": [3.2177445888519287, 7.5706963539123535, 7.766498565673828, 4.209508895874023, 2.1306264400482178, 1.0457617044448853, 4.329407691955566, 0.9104046821594238, 0.45206600427627563, 1.7563046216964722, 0.19611839950084686, 6.094437122344971, 1.3744494915008545, 0.6597041487693787, 0.15841425955295563, 0.05749422311782837, 0.029048515483736992, 0.618658721446991, 0.04469646140933037, 0.17814017832279205], "learning_rate": [0.0010000000474974513, 0.0010000000474974513, 0.0010000000474974513, 0.0010000000474974513, 0.0005000000237487257, 0.0005000000237487257, 0.0005000000237487257, 0.0005000000237487257, 0.0005000000237487257, 0.0005000000237487257, 0.0005000000237487257, 0.0005000000237487257, 0.0005000000237487257, 0.0005000000237487257, 0.0002500000118743628, 0.0002500000118743628, 0.0002500000118743628, 0.0002500000118743628, 0.0002500000118743628, 0.0002500000118743628]}