{"accuracy": [0.6040805578231812, 0.8747417330741882, 0.9284607172012329, 0.942148745059967, 0.9695248007774353, 0.98037189245224, 0.9832128286361694, 0.9839876294136047, 0.9829545617103577, 0.9904442429542542, 0.9888946413993835, 0.9935433864593506, 0.9912189841270447, 0.9966425895690918, 0.9943181872367859, 0.9950929880142212, 0.9961260557174683, 0.9966425895690918, 0.9976755976676941, 0.9961260557174683], "loss": [1.0982776880264282, 0.3432600796222687, 0.2028164565563202, 0.1654374748468399, 0.09326399117708206, 0.059754908084869385, 0.049233000725507736, 0.04807407036423683, 0.051132481545209885, 0.03335686773061752, 0.03369011729955673, 0.0224489513784647, 0.02367222122848034, 0.013680641539394855, 0.019864216446876526, 0.014909232035279274, 0.013909930363297462, 0.01281584333628416, 0.01327469665557146, 0.01160440593957901], "val_accuracy": [0.08677686005830765, 0.08677686005830765, 0.08677686005830765, 0.09194214642047882, 0.7324380278587341, 0.8822314143180847, 0.6012396812438965, 0.7355371713638306, 0.692148745059967, 0.9917355179786682, 0.9276859760284424, 0.8326446413993835, 0.9741735458374023, 0.9958677887916565, 0.9917355179786682, 0.9876033067703247, 0.9710744023323059, 0.9979338645935059, 0.9979338645935059, 0.9979338645935059], "val_loss": [2.5114264488220215, 2.6758310794830322, 2.975374221801758, 2.7599010467529297, 0.8425066471099854, 0.37492209672927856, 1.7017831802368164, 0.8076176047325134, 1.612240195274353, 0.03137143701314926, 0.2381153404712677, 1.181075096130371, 0.07368946075439453, 0.021642355248332024, 0.025592731311917305, 0.033926162868738174, 0.06549136340618134, 0.010133111849427223, 0.014567362144589424, 0.007632127963006496], "learning_rate": [0.0005000000237487257, 0.0005000000237487257, 0.0005000000237487257, 0.0005000000237487257, 0.0002500000118743628, 0.0002500000118743628, 0.0002500000118743628, 0.0002500000118743628, 0.0002500000118743628, 0.0001250000059371814, 0.0001250000059371814, 0.0001250000059371814, 0.0001250000059371814, 6.25000029685907e-05, 6.25000029685907e-05, 6.25000029685907e-05, 6.25000029685907e-05, 3.125000148429535e-05, 3.125000148429535e-05, 3.125000148429535e-05]}